{
    "center_pond_weight": 1.0,
    "h_axis_ratio": 0.4404347826086956,
    "v_axis_ratio": 0.47271739130434787,
    "name_tag_x_offset": 0.0,
    "name_tag_y_offset": -198.0,
    "name_tag_width": 139.0,
    "name_tag_height": 79.0,
    "pond_brightness_adjust": 10.0,
    "pond_contrast_adjust": 1.2663043478260871,
    "shadow_threshold": 0.8826086956521739,
    "shadow_min_threshold": 74.0,
    "adaptive_block_size": 500.0,
    "adaptive_c_value": 50.0,
    "min_area": 0.0,
    "max_area": 1900.0,
    "circularity_threshold": 0.09782608695652174,
    "solidity_threshold": 0.75,
    "min_aspect_ratio": 0.30434782608695654,
    "hough_blur_ksize": 21.0,
    "hough_adapt_block": 99.0,
    "hough_adapt_c": 4.0,
    "hough_morph_ksize": 6.0,
    "min_radius": 17.482608695652175,
    "max_radius": 35.69565217391304,
    "hough_dp": 3.0,
    "hough_min_dist": 44.0,
    "hough_param1": 189.0,
    "hough_param2": 41.0,
    "playground": "dg"
}