{
    "center_pond_weight": 0.2,
    "h_axis_ratio": 0.58,
    "v_axis_ratio": 0.42,
    "name_tag_x_offset": 0.0,
    "name_tag_y_offset": -195.0,
    "name_tag_width": 114.0,
    "name_tag_height": 79.0,
    "pond_brightness_adjust": 0.0,
    "pond_contrast_adjust": 1.0,
    "shadow_threshold": 0.81,
    "shadow_min_threshold": 55.0,
    "adaptive_block_size": 21.0,
    "adaptive_c_value": 5.0,
    "min_area": 120.0,
    "max_area": 3700.0,
    "min_radius": 1.0,
    "max_radius": 129.7093023255814,
    "circularity_threshold": 0.06976744186046512,
    "solidity_threshold": 1.0,
    "min_aspect_ratio": 0.35,
    "hough_blur_ksize": 11.232558139534884,
    "hough_adapt_block": 277.0,
    "hough_adapt_c": 5.0,
    "hough_morph_ksize": 4.7441860465116275,
    "hough_dp": 1.4186046511627908,
    "hough_min_dist": 19.511627906976745,
    "hough_param1": 265.2325581395349,
    "hough_param2": 29.77906976744186,
    "playground": "dg"
}