{
    "hough_dp": 1.0093023255813953,
    "hough_min_dist": 22.906976744186046,
    "hough_param1": 55.0,
    "hough_param2": 14.0,
    "h_axis_ratio": 0.8,
    "v_axis_ratio": 0.2,
    "shadow_threshold": 0.7610465116279069,
    "shadow_min_threshold": 80,
    "center_pond_weight": 0.5,
    "min_radius": 20.0,
    "max_radius": 50.0
}