{
    "center_pond_weight": 0.20930232558139536,
    "h_axis_ratio": 0.502906976744186,
    "v_axis_ratio": 0.7459302325581395,
    "name_tag_x_offset": 465.11627906976753,
    "name_tag_y_offset": -383.72093023255815,
    "name_tag_width": 349.30232558139534,
    "name_tag_height": 311.9767441860465,
    "pond_brightness_adjust": 0.0,
    "pond_contrast_adjust": 1.0,
    "shadow_threshold": 0.81,
    "shadow_min_threshold": 55.0,
    "adaptive_block_size": 21.0,
    "adaptive_c_value": 5.0,
    "min_area": 120.0,
    "max_area": 3700.0,
    "min_radius": 10.0,
    "max_radius": 40.0,
    "circularity_threshold": 0.4,
    "solidity_threshold": 0.65,
    "min_aspect_ratio": 0.35,
    "hough_dp": 1.1,
    "hough_min_dist": 18.0,
    "hough_param1": 55.0,
    "hough_param2": 14.0,
    "playground": "dg"
}