{
    "center_pond_weight": 0.813953488372093,
    "name_tag_x_offset": 500.0,
    "name_tag_y_offset": -383.72093023255815,
    "name_tag_width": 20.0,
    "name_tag_height": 10.0,
    "pond_brightness_adjust": 50.0,
    "pond_contrast_adjust": 1.5813953488372092,
    "shadow_threshold": 0.8604651162790697,
    "shadow_min_threshold": 19.767441860465116,
    "adaptive_block_size": 101.0,
    "adaptive_c_value": 8.953488372093023,
    "min_area": 955.8139534883721,
    "max_area": 4686.0465116279065,
    "min_radius": 1.0,
    "max_radius": 11.744186046511627,
    "circularity_threshold": 0.4,
    "solidity_threshold": 0.65,
    "min_aspect_ratio": 0.35,
    "hough_dp": 1.1,
    "hough_min_dist": 18.0,
    "hough_param1": 55.0,
    "hough_param2": 14.0,
    "playground": "dg"
}