{
    "center_pond_weight": 0.2,
    "h_axis_ratio": 0.58,
    "v_axis_ratio": 0.42,
    "name_tag_x_offset": 0.0,
    "name_tag_y_offset": -195.0,
    "name_tag_width": 114.0,
    "name_tag_height": 79.0,
    "pond_brightness_adjust": 0.0,
    "pond_contrast_adjust": 1.0,
    "shadow_threshold": 0.4767441860465117,
    "shadow_min_threshold": 189.7674418604651,
    "adaptive_block_size": 95.46511627906976,
    "adaptive_c_value": 50.0,
    "min_area": 2969.1860465116283,
    "max_area": 20000.0,
    "min_radius": 56.25581395348837,
    "max_radius": 107.03488372093024,
    "circularity_threshold": 0.19767441860465115,
    "solidity_threshold": 0.29069767441860467,
    "min_aspect_ratio": 0.3023255813953488,
    "hough_blur_ksize": 13.0,
    "hough_adapt_block": 369.0,
    "hough_adapt_c": 9.302325581395348,
    "hough_morph_ksize": 9.465116279069766,
    "hough_dp": 2.3488372093023253,
    "hough_min_dist": 144.46511627906975,
    "hough_param1": 174.8372093023256,
    "hough_param2": 55.104651162790695,
    "playground": "dg"
}